Fecha,MXNUSD,Apertura,Máximo,Mínimo,Vol.,% var.,obs
04.01.2021,19.953,19.8948,19.9989,19.7086,,0.39%,1217
05.01.2021,19.878,19.9755,20.1174,19.8023,,-0.38%,1216
06.01.2021,19.635,19.899,19.9977,19.5987,,-1.22%,1215
07.01.2021,19.9994,19.64,20.0974,19.611,,1.86%,1214
08.01.2021,20.0069,20.0134,20.1552,19.8642,,0.04%,1213
11.01.2021,20.0585,20.009,20.2686,19.9877,,0.26%,1212
12.01.2021,19.773,20.0726,20.1235,19.7698,,-1.42%,1211
13.01.2021,19.8392,19.7935,19.9004,19.7306,,0.33%,1210
14.01.2021,19.7061,19.8533,19.8957,19.6348,,-0.67%,1209
15.01.2021,19.772,19.7181,19.9031,19.6812,,0.33%,1208
18.01.2021,19.6708,19.8175,19.9705,19.6525,,-0.51%,1207
19.01.2021,19.65,19.6864,19.7347,19.5958,,-0.11%,1206
20.01.2021,19.588,19.6715,19.6776,19.5517,,-0.32%,1205
21.01.2021,19.714,19.6015,19.81,19.5436,,0.64%,1204
22.01.2021,19.963,19.7295,20.0075,19.7146,,1.26%,1203
25.01.2021,20.1037,19.965,20.241,19.8508,,0.70%,1202
26.01.2021,19.963,20.1157,20.2981,19.9337,,-0.70%,1201
27.01.2021,20.28,19.986,20.3342,19.977,,1.59%,1200
28.01.2021,20.2316,20.2771,20.465,20.1268,,-0.24%,1199
29.01.2021,20.5855,20.25,20.6045,20.0827,,1.75%,1198
01.02.2021,20.365,20.475,20.5188,20.2633,,-1.07%,1197
02.02.2021,20.115,20.381,20.3914,20.1106,,-1.23%,1196
03.02.2021,20.185,20.131,20.2554,20.0626,,0.35%,1195
04.02.2021,20.371,20.2075,20.5073,20.1702,,0.92%,1194
05.02.2021,20.077,20.395,20.4301,20.0718,,-1.44%,1193
08.02.2021,20.101,20.1133,20.2531,20.0678,,0.12%,1192
09.02.2021,20.075,20.11,20.1605,20.0019,,-0.13%,1191
10.02.2021,20.021,20.098,20.1577,19.9922,,-0.27%,1190
11.02.2021,19.943,20.0445,20.065,19.8953,,-0.39%,1189
12.02.2021,19.93,19.9635,20.0975,19.8962,,-0.07%,1188
15.02.2021,19.95,19.944,19.985,19.885,,0.10%,1187
16.02.2021,20.133,19.965,20.2528,19.9216,,0.92%,1186
17.02.2021,20.207,20.1475,20.3944,20.136,,0.37%,1185
18.02.2021,20.289,20.2295,20.4852,20.1347,,0.41%,1184
19.02.2021,20.425,20.31,20.5297,20.2517,,0.67%,1183
22.02.2021,20.714,20.4782,20.8348,20.4525,,1.41%,1182
23.02.2021,20.5,20.7315,20.7668,20.4965,,-1.03%,1181
24.02.2021,20.359,20.514,20.5583,20.3489,,-0.69%,1180
25.02.2021,20.836,20.3765,21.0395,20.3695,,2.34%,1179
26.02.2021,20.848,20.8525,21.051,20.7777,,0.06%,1178
01.03.2021,20.64,20.862,20.8753,20.575,,-1.00%,1177
02.03.2021,20.596,20.657,20.7944,20.5545,,-0.21%,1176
03.03.2021,20.935,20.6115,20.9998,20.5493,,1.65%,1175
04.03.2021,21.118,20.9465,21.1728,20.756,,0.87%,1174
05.03.2021,21.301,21.1265,21.4227,21.0876,,0.87%,1173
08.03.2021,21.509,21.254,21.6381,21.2135,,0.98%,1172
09.03.2021,21.188,21.518,21.5723,21.128,,-1.49%,1171
10.03.2021,20.872,21.197,21.2835,20.8669,,-1.49%,1170
11.03.2021,20.598,20.8855,20.9268,20.5797,,-1.31%,1169
12.03.2021,20.725,20.608,20.9344,20.5897,,0.62%,1168
15.03.2021,20.631,20.7205,20.8293,20.6266,,-0.45%,1167
16.03.2021,20.6213,20.6485,20.7336,20.5223,,-0.05%,1166
17.03.2021,20.388,20.622,20.8149,20.3111,,-1.13%,1165
18.03.2021,20.471,20.4,20.5969,20.2803,,0.41%,1164
19.03.2021,20.494,20.4855,20.5519,20.286,,0.11%,1163
22.03.2021,20.555,20.7825,20.8432,20.5296,,0.30%,1162
23.03.2021,20.831,20.5725,20.8648,20.5307,,1.34%,1161
24.03.2021,20.921,20.8485,20.9744,20.6634,,0.43%,1160
25.03.2021,20.675,20.938,20.9465,20.5825,,-1.18%,1159
26.03.2021,20.58,20.684,20.7362,20.537,,-0.46%,1158
29.03.2021,20.6081,20.6375,20.7903,20.5604,,0.14%,1157
30.03.2021,20.57,20.6087,20.7089,20.5424,,-0.18%,1156
31.03.2021,20.422,20.5875,20.6365,20.4033,,-0.72%,1155
01.04.2021,20.275,20.439,20.498,20.2686,,-0.72%,1154
02.04.2021,20.295,20.297,20.3515,20.2665,,0.10%,1153
05.04.2021,20.3,20.289,20.3843,20.2285,,0.02%,1152
06.04.2021,20.1656,20.312,20.3871,20.1396,,-0.66%,1151
07.04.2021,20.2054,20.1595,20.2565,20.1422,,0.20%,1150
08.04.2021,20.086,20.1985,20.2307,20.0636,,-0.59%,1149
09.04.2021,20.146,20.1025,20.2289,20.0684,,0.30%,1148
12.04.2021,20.128,20.1643,20.2235,20.0697,,-0.09%,1147
13.04.2021,20.0843,20.1405,20.2425,20.0417,,-0.22%,1146
14.04.2021,20.061,20.0849,20.1323,20.0104,,-0.12%,1145
15.04.2021,19.934,20.073,20.0999,19.8996,,-0.63%,1144
16.04.2021,19.915,19.94,19.9954,19.889,,-0.10%,1143
19.04.2021,19.813,19.914,19.9405,19.7922,,-0.51%,1142
20.04.2021,19.96,19.8185,20.0005,19.78,,0.74%,1141
21.04.2021,19.873,19.9725,19.996,19.8505,,-0.44%,1140
22.04.2021,19.914,19.8835,19.9873,19.8584,,0.21%,1139
23.04.2021,19.815,19.931,19.956,19.8055,,-0.50%,1138
26.04.2021,19.85,19.847,19.9046,19.7958,,0.18%,1137
27.04.2021,20.04,19.8585,20.0783,19.8511,,0.96%,1136
28.04.2021,19.901,20.0575,20.0936,19.8532,,-0.69%,1135
29.04.2021,20.04,19.916,20.1705,19.8611,,0.70%,1134
30.04.2021,20.226,20.052,20.285,20.0125,,0.93%,1133
03.05.2021,20.161,20.2415,20.319,20.1395,,-0.32%,1132
04.05.2021,20.18,20.177,20.3365,20.139,,0.09%,1131
05.05.2021,20.244,20.203,20.299,20.148,,0.32%,1130
06.05.2021,20.058,20.26,20.308,20.0655,,-0.92%,1129
07.05.2021,19.9,20.0815,20.1258,19.8535,,-0.79%,1128
10.05.2021,19.922,19.9073,19.9583,19.8585,,0.11%,1127
11.05.2021,19.949,19.933,20.0014,19.8254,,0.14%,1126
12.05.2021,20.156,19.967,20.1856,19.9253,,1.04%,1125
13.05.2021,19.925,20.168,20.2145,19.9132,,-1.15%,1124
14.05.2021,19.857,19.9365,19.9735,19.7531,,-0.34%,1123
17.05.2021,19.769,19.868,19.948,19.7614,,-0.44%,1122
18.05.2021,19.832,19.784,19.8718,19.7184,,0.32%,1121
19.05.2021,19.917,19.838,19.9776,19.7956,,0.43%,1120
20.05.2021,19.8611,19.928,19.9625,19.8384,,-0.28%,1119
21.05.2021,19.932,19.8664,20.0165,19.862,,0.36%,1118
24.05.2021,19.85,19.9685,19.9956,19.8455,,-0.41%,1117
25.05.2021,19.914,19.859,19.9335,19.8098,,0.32%,1116
26.05.2021,19.867,19.919,19.928,19.8299,,-0.24%,1115
27.05.2021,19.941,19.8705,20.0467,19.8261,,0.37%,1114
28.05.2021,19.905,19.947,20.0784,19.8973,,-0.18%,1113
31.05.2021,19.9461,19.9275,19.9605,19.8835,,0.21%,1112
01.06.2021,19.964,19.9535,19.9885,19.84,,0.09%,1111
02.06.2021,19.886,19.976,20.028,19.879,,-0.39%,1110
03.06.2021,20.154,19.898,20.18,19.891,,1.35%,1109
04.06.2021,19.958,20.1645,20.219,19.9015,,-0.97%,1108
07.06.2021,19.7991,19.945,19.972,19.7345,,-0.80%,1107
08.06.2021,19.694,19.8065,19.8579,19.689,,-0.53%,1106
09.06.2021,19.7315,19.704,19.7917,19.5967,,0.19%,1105
10.06.2021,19.679,19.737,19.778,19.6497,,-0.27%,1104
11.06.2021,19.8775,19.6905,20.0039,19.6416,,1.01%,1103
14.06.2021,19.948,19.8818,19.982,19.8385,,0.35%,1102
15.06.2021,20.005,19.9655,20.195,19.8847,,0.29%,1101
16.06.2021,20.402,20.0235,20.4315,19.9524,,1.98%,1100
17.06.2021,20.413,20.409,20.623,20.3261,,0.05%,1099
18.06.2021,20.658,20.425,20.7508,20.3749,,1.20%,1098
21.06.2021,20.4749,20.6405,20.7159,20.449,,-0.89%,1097
22.06.2021,20.335,20.484,20.6756,20.325,,-0.68%,1096
23.06.2021,20.165,20.3505,20.4167,20.1675,,-0.84%,1095
24.06.2021,19.8505,20.2076,20.2172,19.714,,-1.56%,1094
25.06.2021,19.809,19.8645,19.908,19.7045,,-0.21%,1093
28.06.2021,19.8199,19.8235,19.9024,19.7505,,0.06%,1092
29.06.2021,19.803,19.8252,19.8855,19.767,,-0.09%,1091
30.06.2021,19.931,19.8175,19.9691,19.7815,,0.65%,1090
01.07.2021,19.986,19.945,20.0872,19.9023,,0.28%,1089
02.07.2021,19.758,19.999,20.0545,19.7444,,-1.14%,1088
05.07.2021,19.8481,19.7865,19.8753,19.7735,,0.46%,1087
06.07.2021,20.011,19.8534,20.0795,19.7727,,0.82%,1086
07.07.2021,19.923,20.017,20.1056,19.9063,,-0.44%,1085
08.07.2021,19.994,19.947,20.1619,19.9337,,0.36%,1084
09.07.2021,19.849,20.0055,20.0405,19.843,,-0.73%,1083
12.07.2021,19.8453,19.8575,20.0128,19.8298,,-0.02%,1082
13.07.2021,20.054,19.8499,20.0845,19.8131,,1.05%,1081
14.07.2021,19.8669,20.0605,20.0643,19.8561,,-0.93%,1080
15.07.2021,19.935,19.8811,20.0009,19.8668,,0.34%,1079
16.07.2021,19.875,19.9455,19.9566,19.8245,,-0.30%,1078
19.07.2021,20.071,19.9035,20.102,19.898,,0.99%,1077
20.07.2021,20.1389,20.0805,20.1975,19.9995,,0.34%,1076
21.07.2021,20.131,20.1561,20.2525,20.112,,-0.04%,1075
22.07.2021,20.105,20.1445,20.2261,20.0817,,-0.13%,1074
23.07.2021,20.042,20.123,20.1484,19.9904,,-0.31%,1073
26.07.2021,20.027,20.072,20.1669,19.9893,,-0.07%,1072
27.07.2021,19.971,20.041,20.1398,19.9462,,-0.28%,1071
28.07.2021,19.906,19.98,20.035,19.8762,,-0.33%,1070
29.07.2021,19.838,19.916,19.9404,19.8162,,-0.34%,1069
30.07.2021,19.855,19.854,19.9338,19.7985,,0.09%,1068
02.08.2021,19.896,19.899,19.929,19.8015,,0.21%,1067
03.08.2021,19.87,19.91,19.9307,19.8272,,-0.13%,1066
04.08.2021,19.98,19.889,20.004,19.8139,,0.55%,1065
05.08.2021,19.914,19.984,19.9999,19.8874,,-0.33%,1064
06.08.2021,20.024,19.93,20.0905,19.8957,,0.55%,1063
09.08.2021,20.066,20.0815,20.1291,19.9955,,0.21%,1062
10.08.2021,20.082,20.075,20.177,20.043,,0.08%,1061
11.08.2021,19.915,20.0905,20.1223,19.9054,,-0.83%,1060
12.08.2021,19.946,19.9325,19.9755,19.856,,0.16%,1059
13.08.2021,19.859,19.9625,19.992,19.8288,,-0.44%,1058
16.08.2021,19.886,19.88,19.9286,19.8431,,0.14%,1057
17.08.2021,19.997,19.903,20.0325,19.8715,,0.56%,1056
18.08.2021,20.0425,20.0105,20.0493,19.9471,,0.23%,1055
19.08.2021,20.152,20.046,20.212,20.029,,0.55%,1054
20.08.2021,20.347,20.1625,20.4678,20.1454,,0.97%,1053
23.08.2021,20.301,20.4055,20.447,20.2851,,-0.23%,1052
24.08.2021,20.2,20.321,20.3657,20.1975,,-0.50%,1051
25.08.2021,20.215,20.2145,20.3575,20.166,,0.07%,1050
26.08.2021,20.351,20.228,20.3905,20.2075,,0.67%,1049
27.08.2021,20.1922,20.3625,20.4395,20.1679,,-0.78%,1048
30.08.2021,20.1301,20.182,20.2275,20.1045,,-0.31%,1047
31.08.2021,20.063,20.1401,20.1533,20.0266,,-0.33%,1046
01.09.2021,19.982,20.073,20.1022,19.9293,,-0.40%,1045
02.09.2021,19.9557,19.9955,20.0232,19.9218,,-0.13%,1044
03.09.2021,19.915,19.961,19.9904,19.8428,,-0.20%,1043
06.09.2021,19.909,19.9095,19.9355,19.866,,-0.03%,1042
07.09.2021,19.922,19.917,19.9731,19.8831,,0.07%,1041
08.09.2021,19.931,19.938,19.9913,19.8846,,0.05%,1040
09.09.2021,19.917,19.93,19.9735,19.8737,,-0.07%,1039
10.09.2021,19.881,19.931,19.9541,19.846,,-0.18%,1038
13.09.2021,19.865,19.89,19.9117,19.8473,,-0.08%,1037
14.09.2021,19.903,19.8684,19.933,19.8511,,0.19%,1036
15.09.2021,19.854,19.9135,19.928,19.846,,-0.25%,1035
16.09.2021,19.931,19.8675,19.9699,19.8518,,0.39%,1034
17.09.2021,20.0141,19.9378,20.0388,19.9045,,0.42%,1033
20.09.2021,20.1376,20.016,20.2053,20.0103,,0.62%,1032
21.09.2021,20.128,20.1421,20.1702,20.057,,-0.05%,1031
22.09.2021,20.0831,20.1355,20.1527,19.9295,,-0.22%,1030
23.09.2021,20.0431,20.0888,20.1228,19.9772,,-0.20%,1029
24.09.2021,20.04,20.0489,20.1936,20.0448,,-0.02%,1028
27.09.2021,20.093,20.0665,20.1595,20.011,,0.26%,1027
28.09.2021,20.3166,20.1095,20.401,20.0909,,1.11%,1026
29.09.2021,20.485,20.3315,20.6595,20.2763,,0.83%,1025
30.09.2021,20.63,20.515,20.6855,20.4478,,0.71%,1024
01.10.2021,20.429,20.6415,20.733,20.4058,,-0.97%,1023
04.10.2021,20.479,20.4455,20.6264,20.4167,,0.24%,1022
05.10.2021,20.552,20.489,20.6192,20.4795,,0.36%,1021
06.10.2021,20.549,20.573,20.8933,20.541,,-0.01%,1020
07.10.2021,20.643,20.5565,20.6998,20.4545,,0.46%,1019
08.10.2021,20.689,20.66,20.7961,20.5256,,0.22%,1018
11.10.2021,20.855,20.737,20.889,20.6991,,0.80%,1017
12.10.2021,20.7752,20.873,20.9038,20.739,,-0.38%,1016
13.10.2021,20.5475,20.7805,20.804,20.545,,-1.10%,1015
14.10.2021,20.539,20.5524,20.6633,20.5058,,-0.04%,1014
15.10.2021,20.329,20.5645,20.5983,20.3165,,-1.02%,1013
18.10.2021,20.4036,20.3385,20.4964,20.3043,,0.37%,1012
19.10.2021,20.227,20.4105,20.4405,20.2106,,-0.87%,1011
20.10.2021,20.1972,20.2405,20.288,20.1567,,-0.15%,1010
21.10.2021,20.293,20.2085,20.3531,20.1865,,0.47%,1009
22.10.2021,20.165,20.3045,20.3414,20.1249,,-0.63%,1008
25.10.2021,20.153,20.1805,20.2326,20.1529,,-0.06%,1007
26.10.2021,20.2,20.169,20.2411,20.1138,,0.23%,1006
27.10.2021,20.301,20.215,20.3405,20.1477,,0.50%,1005
28.10.2021,20.365,20.314,20.4247,20.2526,,0.32%,1004
29.10.2021,20.545,20.3765,20.6361,20.3415,,0.88%,1003
01.11.2021,20.831,20.5745,20.8948,20.5427,,1.39%,1002
02.11.2021,20.777,20.845,20.9174,20.7054,,-0.26%,1001
03.11.2021,20.53,20.792,20.9841,20.5075,,-1.19%,1000
04.11.2021,20.5382,20.54,20.6668,20.4881,,0.04%,999
05.11.2021,20.317,20.543,20.6522,20.303,,-1.08%,998
08.11.2021,20.32,20.369,20.4318,20.2856,,0.01%,997
09.11.2021,20.301,20.335,20.3811,20.2464,,-0.09%,996
10.11.2021,20.621,20.3185,20.6478,20.3045,,1.58%,995
11.11.2021,20.6328,20.6385,20.699,20.4471,,0.06%,994
12.11.2021,20.509,20.6459,20.7275,20.4453,,-0.60%,993
15.11.2021,20.603,20.52,20.6825,20.4706,,0.46%,992
16.11.2021,20.7216,20.6155,20.8549,20.5568,,0.58%,991
17.11.2021,20.64,20.7369,20.8084,20.6343,,-0.39%,990
18.11.2021,20.765,20.6515,20.895,20.6191,,0.61%,989
19.11.2021,20.824,20.7815,20.8941,20.663,,0.28%,988
22.11.2021,20.985,20.856,21.03,20.816,,0.77%,987
23.11.2021,21.1758,21.0025,21.3117,20.9891,,0.91%,986
24.11.2021,21.409,21.1911,21.6155,21.1856,,1.10%,985
25.11.2021,21.5575,21.4265,21.5978,21.3607,,0.69%,984
26.11.2021,21.91,21.5625,22.155,21.5625,,1.64%,983
29.11.2021,21.6686,21.8901,21.9949,21.6293,,-1.10%,982
30.11.2021,21.4368,21.6736,21.8421,21.28,,-1.07%,981
01.12.2021,21.5016,21.4476,21.5223,21.115,,0.30%,980
02.12.2021,21.248,21.5174,21.522,21.2368,,-1.18%,979
03.12.2021,21.264,21.265,21.4973,21.1574,,0.08%,978
06.12.2021,21.207,21.258,21.3022,21.1674,,-0.27%,977
07.12.2021,21.022,21.224,21.3079,21.0033,,-0.87%,976
08.12.2021,20.921,21.0355,21.0445,20.8811,,-0.48%,975
09.12.2021,20.937,20.9355,21.0826,20.9141,,0.08%,974
10.12.2021,20.866,20.946,21.0594,20.8382,,-0.34%,973
13.12.2021,21.01,20.882,21.0322,20.8378,,0.69%,972
14.12.2021,21.22,21.02,21.2835,20.9641,,1.00%,971
15.12.2021,21.0071,21.2375,21.3669,21.0051,,-1.00%,970
16.12.2021,20.805,21.0136,21.0882,20.7588,,-0.96%,969
17.12.2021,20.833,20.822,20.869,20.6945,,0.13%,968
20.12.2021,20.774,20.8205,20.9555,20.6922,,-0.28%,967
21.12.2021,20.801,20.7865,20.8762,20.7023,,0.13%,966
22.12.2021,20.695,20.8176,20.8649,20.6975,,-0.51%,965
23.12.2021,20.625,20.7115,20.7455,20.6139,,-0.34%,964
24.12.2021,20.6,20.647,20.6683,20.5725,,-0.12%,963
27.12.2021,20.672,20.6175,20.7454,20.5813,,0.35%,962
28.12.2021,20.642,20.6885,20.722,20.5605,,-0.15%,961
29.12.2021,20.559,20.658,20.6828,20.548,,-0.40%,960
30.12.2021,20.4586,20.5745,20.6122,20.4542,,-0.49%,959
31.12.2021,20.487,20.4636,20.5265,20.3269,,0.14%,958
03.01.2022,20.494,20.4944,20.6605,20.4105,,0.03%,957
04.01.2022,20.501,20.5115,20.6424,20.415,,0.03%,956
05.01.2022,20.565,20.515,20.612,20.3425,,0.31%,955
06.01.2022,20.486,20.582,20.7612,20.4038,,-0.38%,954
07.01.2022,20.36,20.504,20.5223,20.3525,,-0.62%,953
10.01.2022,20.36,20.371,20.5295,20.3516,,0.00%,952
11.01.2022,20.375,20.376,20.4603,20.3363,,0.07%,951
12.01.2022,20.334,20.3815,20.4493,20.3118,,-0.20%,950
13.01.2022,20.333,20.35,20.4246,20.2983,,0.00%,949
14.01.2022,20.29,20.346,20.3713,20.2773,,-0.21%,948
17.01.2022,20.281,20.3025,20.3625,20.2753,,-0.04%,947
18.01.2022,20.396,20.2955,20.4557,20.2764,,0.57%,946
19.01.2022,20.502,20.4055,20.5335,20.3216,,0.52%,945
20.01.2022,20.529,20.5155,20.5725,20.383,,0.13%,944
21.01.2022,20.451,20.543,20.5578,20.429,,-0.38%,943
24.01.2022,20.561,20.488,20.6921,20.4371,,0.54%,942
25.01.2022,20.6,20.577,20.6971,20.5685,,0.19%,941
26.01.2022,20.731,20.6175,20.7797,20.5489,,0.64%,940
27.01.2022,20.749,20.7475,20.8115,20.652,,0.09%,939
28.01.2022,20.789,20.7655,20.9134,20.7157,,0.19%,938
31.01.2022,20.625,20.8195,20.847,20.5895,,-0.79%,937
01.02.2022,20.53,20.634,20.6575,20.5,,-0.46%,936
02.02.2022,20.563,20.545,20.6485,20.4751,,0.16%,935
03.02.2022,20.531,20.574,20.66,20.5123,,-0.16%,934
04.02.2022,20.662,20.55,20.791,20.5405,,0.64%,933
07.02.2022,20.578,20.6785,20.6989,20.579,,-0.41%,932
08.02.2022,20.598,20.5945,20.6882,20.5842,,0.10%,931
09.02.2022,20.462,20.614,20.6269,20.4415,,-0.66%,930
10.02.2022,20.543,20.4775,20.5925,20.349,,0.40%,929
11.02.2022,20.526,20.56,20.6405,20.3618,,-0.08%,928
14.02.2022,20.405,20.535,20.5776,20.3865,,-0.59%,927
15.02.2022,20.3894,20.421,20.4555,20.3508,,-0.08%,926
16.02.2022,20.2703,20.4,20.4145,20.2496,,-0.58%,925
17.02.2022,20.284,20.2781,20.3555,20.2319,,0.07%,924
18.02.2022,20.28,20.3,20.3381,20.2576,,-0.02%,923
21.02.2022,20.295,20.3101,20.3325,20.2489,,0.07%,922
22.02.2022,20.289,20.3095,20.3772,20.2682,,-0.03%,921
23.02.2022,20.226,20.305,20.3111,20.1565,,-0.31%,920
24.02.2022,20.541,20.239,20.79,20.2345,,1.56%,919
25.02.2022,20.335,20.5545,20.5842,20.3215,,-1.00%,918
28.02.2022,20.461,20.355,20.6254,20.3171,,0.62%,917
01.03.2022,20.635,20.47,20.6811,20.3909,,0.85%,916
02.03.2022,20.593,20.657,20.8005,20.5778,,-0.20%,915
03.03.2022,20.6336,20.6175,20.757,20.6078,,0.20%,914
04.03.2022,20.935,20.6375,20.975,20.6358,,1.46%,913
07.03.2022,21.3,20.945,21.3725,20.9264,,1.74%,912
08.03.2022,21.369,21.315,21.4687,21.2045,,0.32%,911
09.03.2022,20.892,21.3765,21.385,20.856,,-2.23%,910
10.03.2022,20.925,20.911,21.0686,20.8832,,0.16%,909
11.03.2022,20.897,20.939,21.0541,20.844,,-0.13%,908
14.03.2022,20.9,20.9325,20.9823,20.831,,0.01%,907
15.03.2022,20.82,20.92,20.9394,20.8186,,-0.38%,906
16.03.2022,20.632,20.8345,20.853,20.5968,,-0.90%,905
17.03.2022,20.515,20.639,20.6741,20.4984,,-0.57%,904
18.03.2022,20.34,20.5215,20.5555,20.352,,-0.85%,903
21.03.2022,20.3682,20.386,20.4157,20.2672,,0.14%,902
22.03.2022,20.27,20.3735,20.4222,20.2495,,-0.48%,901
23.03.2022,20.2208,20.2845,20.2987,20.155,,-0.24%,900
24.03.2022,20.075,20.22,20.2451,20.0705,,-0.72%,899
25.03.2022,20.02,20.0915,20.1009,19.9085,,-0.27%,898
28.03.2022,20.11,20.035,20.1905,20.0129,,0.45%,897
29.03.2022,19.964,20.1205,20.143,19.9121,,-0.73%,896
30.03.2022,19.856,19.979,19.9915,19.814,,-0.54%,895
31.03.2022,19.845,19.8745,19.9725,19.8186,,-0.06%,894
01.04.2022,19.835,19.8695,19.935,19.747,,-0.05%,893
04.04.2022,19.788,19.8815,19.8875,19.7255,,-0.24%,892
05.04.2022,19.993,19.8055,20.0155,19.762,,1.04%,891
06.04.2022,20.16,20.0015,20.1971,19.9715,,0.84%,890
07.04.2022,20.121,20.1725,20.1945,20.071,,-0.19%,889
08.04.2022,20.02,20.1385,20.1905,20.018,,-0.50%,888
11.04.2022,19.929,20.0575,20.1257,19.8937,,-0.45%,887
12.04.2022,19.787,19.9406,19.9567,19.774,,-0.71%,886
13.04.2022,19.773,19.803,19.8365,19.7406,,-0.07%,885
14.04.2022,19.9629,19.789,20.0286,19.7307,,0.96%,884
15.04.2022,19.9405,19.9682,19.9898,19.9278,,-0.11%,883
18.04.2022,19.815,19.962,20.0102,19.8144,,-0.63%,882
19.04.2022,20.006,19.8275,20.088,19.7615,,0.96%,881
20.04.2022,19.983,20.0235,20.076,19.9442,,-0.11%,880
21.04.2022,20.16,19.9915,20.241,19.978,,0.89%,879
22.04.2022,20.218,20.1735,20.379,20.1615,,0.29%,878
25.04.2022,20.204,20.2385,20.4876,20.1615,,-0.07%,877
26.04.2022,20.423,20.2165,20.465,20.191,,1.08%,876
27.04.2022,20.3759,20.4365,20.5386,20.3218,,-0.23%,875
28.04.2022,20.436,20.3812,20.645,20.3468,,0.29%,874
29.04.2022,20.411,20.448,20.4738,20.2855,,-0.12%,873
02.05.2022,20.462,20.403,20.5131,20.3393,,0.25%,872
03.05.2022,20.277,20.4795,20.4897,20.261,,-0.90%,871
04.05.2022,20.014,20.2915,20.3103,19.9971,,-1.30%,870
05.05.2022,20.222,20.0285,20.319,20.0049,,1.04%,869
06.05.2022,20.135,20.2385,20.2998,20.07,,-0.43%,868
09.05.2022,20.38,20.1775,20.4095,20.1603,,1.22%,867
10.05.2022,20.384,20.3945,20.4404,20.272,,0.02%,866
11.05.2022,20.305,20.392,20.4684,20.227,,-0.39%,865
12.05.2022,20.2424,20.3175,20.477,20.2315,,-0.31%,864
13.05.2022,20.088,20.2479,20.257,20.0778,,-0.76%,863
16.05.2022,20.02,20.1025,20.1861,20.0188,,-0.34%,862
17.05.2022,19.93,20.0283,20.0427,19.9262,,-0.45%,861
18.05.2022,20.029,19.94,20.0823,19.8703,,0.50%,860
19.05.2022,19.922,20.0465,20.0755,19.8659,,-0.53%,859
20.05.2022,19.851,19.936,19.9638,19.8275,,-0.36%,858
23.05.2022,19.853,19.862,19.9105,19.772,,0.01%,857
24.05.2022,19.831,19.8675,19.9443,19.7904,,-0.11%,856
25.05.2022,19.818,19.843,19.9295,19.788,,-0.07%,855
26.05.2022,19.7622,19.8325,19.868,19.7595,,-0.28%,854
27.05.2022,19.565,19.7671,19.7926,19.5495,,-1.00%,853
30.05.2022,19.545,19.5895,19.606,19.4125,,-0.10%,852
31.05.2022,19.6525,19.5556,19.74,19.5344,,0.55%,851
01.06.2022,19.684,19.6575,19.774,19.603,,0.16%,850
02.06.2022,19.52,19.696,19.729,19.518,,-0.83%,849
03.06.2022,19.5565,19.532,19.614,19.5,,0.19%,848
06.06.2022,19.56,19.574,19.635,19.47,,0.02%,847
07.06.2022,19.58,19.5731,19.645,19.5096,,0.10%,846
08.06.2022,19.56,19.5865,19.6877,19.555,,-0.10%,845
09.06.2022,19.657,19.576,19.6965,19.5318,,0.50%,844
10.06.2022,19.956,19.674,20.002,19.6187,,1.52%,843
13.06.2022,20.4538,19.987,20.5208,19.965,,2.49%,842
14.06.2022,20.579,20.4577,20.6916,20.3524,,0.61%,841
15.06.2022,20.245,20.5945,20.6985,20.2115,,-1.62%,840
16.06.2022,20.4,20.2578,20.7045,20.2176,,0.77%,839
17.06.2022,20.329,20.4096,20.5826,20.2982,,-0.35%,838
20.06.2022,20.276,20.346,20.3792,20.2227,,-0.26%,837
21.06.2022,20.115,20.288,20.29,20.115,,-0.79%,836
22.06.2022,20.0442,20.1235,20.2492,19.9979,,-0.35%,835
23.06.2022,20.001,20.0496,20.1442,19.9765,,-0.22%,834
24.06.2022,19.85,20.015,20.0889,19.8263,,-0.75%,833
27.06.2022,19.91,19.8775,19.965,19.8192,,0.30%,832
28.06.2022,20.122,19.9235,20.175,19.871,,1.06%,831
29.06.2022,20.111,20.136,20.2103,20.0714,,-0.05%,830
30.06.2022,20.089,20.1275,20.2662,20.0612,,-0.11%,829
01.07.2022,20.251,20.1035,20.467,20.0875,,0.81%,828
04.07.2022,20.26,20.2645,20.344,20.2135,,0.04%,827
05.07.2022,20.5162,20.2755,20.625,20.2334,,1.26%,826
06.07.2022,20.6517,20.5209,20.787,20.4904,,0.66%,825
07.07.2022,20.503,20.6563,20.6816,20.4773,,-0.72%,824
08.07.2022,20.443,20.5155,20.5888,20.3654,,-0.29%,823
11.07.2022,20.729,20.4795,20.798,20.4535,,1.40%,822
12.07.2022,20.8482,20.74,20.9312,20.726,,0.58%,821
13.07.2022,20.721,20.8535,20.9968,20.6399,,-0.61%,820
14.07.2022,20.79,20.7305,21.0566,20.7205,,0.33%,819
15.07.2022,20.522,20.801,20.8936,20.5229,,-1.29%,818
18.07.2022,20.457,20.53,20.543,20.3283,,-0.32%,817
19.07.2022,20.5164,20.4675,20.5305,20.3168,,0.29%,816
20.07.2022,20.532,20.5217,20.5946,20.4459,,0.08%,815
21.07.2022,20.617,20.5495,20.7015,20.4761,,0.41%,814
22.07.2022,20.526,20.631,20.7261,20.4905,,-0.44%,813
25.07.2022,20.46,20.55,20.5907,20.399,,-0.32%,812
26.07.2022,20.444,20.473,20.541,20.411,,-0.08%,811
27.07.2022,20.395,20.457,20.5785,20.301,,-0.24%,810
28.07.2022,20.265,20.4032,20.4536,20.2681,,-0.64%,809
29.07.2022,20.35,20.28,20.423,20.2058,,0.42%,808
01.08.2022,20.369,20.383,20.4281,20.2384,,0.09%,807
02.08.2022,20.773,20.3845,20.8335,20.3793,,1.98%,806
03.08.2022,20.456,20.789,20.8245,20.4243,,-1.53%,805
04.08.2022,20.326,20.473,20.504,20.2885,,-0.64%,804
05.08.2022,20.413,20.3435,20.4922,20.3141,,0.43%,803
08.08.2022,20.245,20.414,20.4408,20.241,,-0.82%,802
09.08.2022,20.218,20.2515,20.3055,20.1975,,-0.13%,801
10.08.2022,20.016,20.2315,20.2757,19.9113,,-1.00%,800
11.08.2022,19.928,20.0305,20.0491,19.9005,,-0.44%,799
12.08.2022,19.829,19.9415,19.9779,19.813,,-0.50%,798
15.08.2022,19.823,19.8505,20.0113,19.811,,-0.03%,797
16.08.2022,19.897,19.8365,19.976,19.8151,,0.37%,796
17.08.2022,19.97,19.911,20.0936,19.8925,,0.37%,795
18.08.2022,20.104,19.9825,20.1805,19.929,,0.67%,794
19.08.2022,20.15,20.1215,20.2689,20.1172,,0.23%,793
22.08.2022,20.133,20.182,20.2484,20.115,,-0.08%,792
23.08.2022,19.971,20.142,20.168,19.9518,,-0.80%,791
24.08.2022,19.885,19.9795,20.011,19.8788,,-0.43%,790
25.08.2022,19.914,19.8945,19.9865,19.8499,,0.15%,789
26.08.2022,20.015,19.9315,20.039,19.8695,,0.51%,788
29.08.2022,20.004,20.044,20.1534,19.9646,,-0.05%,787
30.08.2022,20.145,20.0215,20.2095,19.9118,,0.70%,786
31.08.2022,20.1348,20.1527,20.2428,20.079,,-0.05%,785
01.09.2022,20.168,20.14,20.2955,20.1361,,0.16%,784
02.09.2022,19.929,20.182,20.2041,19.925,,-1.19%,783
05.09.2022,19.9842,19.9665,20.0285,19.9425,,0.28%,782
06.09.2022,20.118,20.0046,20.1825,19.9464,,0.67%,781
07.09.2022,19.966,20.1325,20.1887,19.9612,,-0.76%,780
08.09.2022,19.953,19.979,20.1055,19.9445,,-0.07%,779
09.09.2022,19.876,19.9675,19.9798,19.8653,,-0.39%,778
12.09.2022,19.821,19.8925,19.897,19.7518,,-0.28%,777
13.09.2022,20.066,19.8375,20.1092,19.7854,,1.24%,776
14.09.2022,19.942,20.0795,20.096,19.9075,,-0.62%,775
15.09.2022,20.06,19.959,20.098,19.9455,,0.59%,774
16.09.2022,20.03,20.0765,20.1635,20.0135,,-0.15%,773
19.09.2022,19.91,20.041,20.162,19.905,,-0.60%,772
20.09.2022,19.983,19.9255,20.085,19.9023,,0.37%,771
21.09.2022,20.004,20.0005,20.095,19.8795,,0.11%,770
22.09.2022,19.931,20.021,20.082,19.8404,,-0.36%,769
23.09.2022,20.179,19.9465,20.2665,19.9061,,1.24%,768
26.09.2022,20.396,20.2268,20.454,20.194,,1.08%,767
27.09.2022,20.359,20.4105,20.435,20.2612,,-0.18%,766
28.09.2022,20.116,20.377,20.581,20.1155,,-1.19%,765
29.09.2022,20.161,20.1325,20.2792,20.1109,,0.22%,764
30.09.2022,20.14,20.1695,20.2011,20.049,,-0.10%,763
03.10.2022,20.02,20.1475,20.1674,19.952,,-0.60%,762
04.10.2022,19.958,20.03,20.0504,19.9475,,-0.31%,761
05.10.2022,20.052,19.9665,20.157,19.9429,,0.47%,760
06.10.2022,20.105,20.0685,20.1595,20.0163,,0.26%,759
07.10.2022,20.02,20.123,20.1475,19.988,,-0.42%,758
10.10.2022,19.9551,20.0465,20.0619,19.9395,,-0.32%,757
11.10.2022,20.0786,19.9666,20.115,19.9325,,0.62%,756
12.10.2022,19.978,20.0846,20.1172,19.967,,-0.50%,755
13.10.2022,19.968,19.9955,20.1605,19.9485,,-0.05%,754
14.10.2022,20.071,19.983,20.1069,19.9651,,0.52%,753
17.10.2022,19.98,20.061,20.0655,19.9692,,-0.45%,752
18.10.2022,20.027,19.9975,20.069,19.958,,0.24%,751
19.10.2022,20.1,20.032,20.1775,20.0114,,0.36%,750
20.10.2022,20.027,20.1095,20.1617,20.0205,,-0.36%,749
21.10.2022,19.909,20.038,20.14,19.8845,,-0.59%,748
24.10.2022,19.922,19.9165,20.0085,19.898,,0.07%,747
25.10.2022,19.865,19.9375,19.9478,19.8495,,-0.29%,746
26.10.2022,19.926,19.882,19.9835,19.8105,,0.31%,745
27.10.2022,19.825,19.941,20.0393,19.8095,,-0.51%,744
28.10.2022,19.786,19.8338,19.8955,19.7805,,-0.20%,743
31.10.2022,19.794,19.8225,19.92,19.7915,,0.04%,742
01.11.2022,19.74,19.811,19.8445,19.6785,,-0.27%,741
02.11.2022,19.65,19.749,19.7695,19.5045,,-0.46%,740
03.11.2022,19.635,19.675,19.7814,19.629,,-0.08%,739
04.11.2022,19.501,19.6475,19.6773,19.4585,,-0.68%,738
07.11.2022,19.441,19.531,19.5783,19.4295,,-0.31%,737
08.11.2022,19.513,19.4545,19.575,19.4324,,0.37%,736
09.11.2022,19.567,19.5265,19.6365,19.5077,,0.28%,735
10.11.2022,19.31,19.5785,19.6021,19.3117,,-1.31%,734
11.11.2022,19.495,19.3169,19.595,19.2638,,0.96%,733
14.11.2022,19.339,19.535,19.5748,19.3169,,-0.80%,732
15.11.2022,19.354,19.354,19.4745,19.2435,,0.08%,731
16.11.2022,19.338,19.3635,19.4053,19.282,,-0.08%,730
17.11.2022,19.407,19.3485,19.4775,19.3104,,0.36%,729
18.11.2022,19.435,19.4235,19.5385,19.3818,,0.14%,728
21.11.2022,19.538,19.4545,19.5935,19.4133,,0.53%,727
22.11.2022,19.419,19.546,19.5735,19.4132,,-0.61%,726
23.11.2022,19.354,19.435,19.4546,19.329,,-0.33%,725
24.11.2022,19.367,19.3665,19.4,19.3391,,0.07%,724
25.11.2022,19.33,19.3835,19.4245,19.3045,,-0.19%,723
28.11.2022,19.295,19.3193,19.37,19.2915,,-0.18%,722
29.11.2022,19.216,19.308,19.3249,19.0403,,-0.41%,721
30.11.2022,19.251,19.233,19.4635,19.1938,,0.18%,720
01.12.2022,19.123,19.268,19.3485,19.115,,-0.66%,719
02.12.2022,19.374,19.131,19.4465,19.1075,,1.31%,718
05.12.2022,19.726,19.404,19.866,19.3478,,1.82%,717
06.12.2022,19.746,19.737,19.865,19.6276,,0.10%,716
07.12.2022,19.657,19.758,19.8339,19.626,,-0.45%,715
08.12.2022,19.6126,19.667,19.745,19.607,,-0.23%,714
09.12.2022,19.763,19.6248,19.8425,19.6131,,0.77%,713
12.12.2022,19.844,19.763,19.9191,19.7307,,0.41%,712
13.12.2022,19.51,19.8565,19.8848,19.516,,-1.68%,711
14.12.2022,19.604,19.528,19.765,19.5152,,0.48%,710
15.12.2022,19.748,19.619,19.859,19.6115,,0.73%,709
16.12.2022,19.77,19.759,19.8855,19.7396,,0.11%,708
19.12.2022,19.792,19.783,19.8415,19.7089,,0.11%,707
20.12.2022,19.743,19.797,19.9025,19.6772,,-0.25%,706
21.12.2022,19.643,19.7605,19.8037,19.631,,-0.51%,705
22.12.2022,19.537,19.652,19.6823,19.539,,-0.54%,704
23.12.2022,19.343,19.5675,19.591,19.3456,,-0.99%,703
26.12.2022,19.385,19.3915,19.4252,19.3332,,0.22%,702
27.12.2022,19.477,19.4015,19.5025,19.3386,,0.47%,701
28.12.2022,19.42,19.4885,19.4984,19.3795,,-0.29%,700
29.12.2022,19.445,19.435,19.4795,19.3013,,0.13%,699
30.12.2022,19.474,19.4595,19.5901,19.405,,0.15%,698
02.01.2023,19.461,19.4865,19.5235,19.4585,,-0.07%,697
03.01.2023,19.4,19.466,19.5369,19.3739,,-0.31%,696
04.01.2023,19.365,19.4067,19.427,19.2564,,-0.18%,695
05.01.2023,19.31,19.3825,19.434,19.2955,,-0.28%,694
06.01.2023,19.124,19.327,19.3501,19.118,,-0.96%,693
09.01.2023,19.13,19.1455,19.1965,19.1005,,0.03%,692
10.01.2023,19.048,19.1475,19.1778,19.0495,,-0.43%,691
11.01.2023,18.91,19.065,19.115,18.91,,-0.72%,690
12.01.2023,18.8265,18.9275,18.9827,18.815,,-0.44%,689
13.01.2023,18.753,18.8315,18.915,18.7305,,-0.39%,688
16.01.2023,18.7716,18.763,18.8631,18.7308,,0.10%,687
17.01.2023,18.65,18.777,18.8375,18.6467,,-0.65%,686
18.01.2023,18.875,18.665,18.9063,18.5655,,1.21%,685
19.01.2023,18.975,18.8895,19.1135,18.8662,,0.53%,684
20.01.2023,18.855,18.993,19.0229,18.845,,-0.63%,683
23.01.2023,18.801,18.9017,18.9017,18.7895,,-0.29%,682
24.01.2023,18.78,18.809,18.8915,18.7839,,-0.11%,681
25.01.2023,18.775,18.795,18.8575,18.7666,,-0.03%,680
26.01.2023,18.79,18.7895,18.8985,18.7826,,0.08%,679
27.01.2023,18.76,18.7976,18.8319,18.7155,,-0.16%,678
30.01.2023,18.7606,18.777,18.8128,18.751,,0.00%,677
31.01.2023,18.82,18.7683,18.8526,18.7278,,0.32%,676
01.02.2023,18.5999,18.8355,18.8741,18.5926,,-1.17%,675
02.02.2023,18.645,18.605,18.7115,18.5057,,0.24%,674
03.02.2023,18.955,18.6625,18.9915,18.6442,,1.66%,673
06.02.2023,19.16,18.9845,19.2922,18.982,,1.08%,672
07.02.2023,18.8748,19.17,19.1797,18.871,,-1.49%,671
08.02.2023,18.93,18.8819,18.987,18.8232,,0.29%,670
09.02.2023,18.7703,18.9395,19,18.7335,,-0.84%,669
10.02.2023,18.645,18.7777,18.8328,18.6374,,-0.67%,668
13.02.2023,18.554,18.676,18.7304,18.5544,,-0.49%,667
14.02.2023,18.511,18.5695,18.6769,18.4965,,-0.23%,666
15.02.2023,18.575,18.525,18.753,18.5007,,0.35%,665
16.02.2023,18.511,18.5875,18.687,18.4799,,-0.34%,664
17.02.2023,18.351,18.5255,18.6772,18.328,,-0.86%,663
20.02.2023,18.37,18.37,18.445,18.3311,,0.10%,662
21.02.2023,18.443,18.387,18.495,18.3341,,0.40%,661
22.02.2023,18.345,18.4575,18.4822,18.3193,,-0.53%,660
23.02.2023,18.36,18.3525,18.4605,18.2964,,0.08%,659
24.02.2023,18.391,18.377,18.5071,18.3524,,0.17%,658
27.02.2023,18.35,18.3955,18.435,18.317,,-0.22%,657
28.02.2023,18.301,18.368,18.419,18.2765,,-0.27%,656
01.03.2023,18.091,18.308,18.3326,18.069,,-1.15%,655
02.03.2023,18.114,18.106,18.194,18.0924,,0.13%,654
03.03.2023,17.943,18.13,18.133,17.9436,,-0.94%,653
06.03.2023,17.984,17.972,18.045,17.9499,,0.23%,652
07.03.2023,18.09,18.002,18.185,17.9692,,0.59%,651
08.03.2023,17.968,18.0995,18.1278,17.9025,,-0.67%,650
09.03.2023,18.344,17.986,18.4457,17.8975,,2.09%,649
10.03.2023,18.48,18.3625,18.5965,18.2682,,0.74%,648
13.03.2023,18.903,18.494,19.179,18.2381,,2.29%,647
14.03.2023,18.5899,18.9135,19.1556,18.5559,,-1.66%,646
15.03.2023,18.9579,18.5944,19.0925,18.5753,,1.98%,645
16.03.2023,18.7023,18.9745,19.1803,18.6965,,-1.35%,644
17.03.2023,18.883,18.725,18.989,18.6339,,0.97%,643
20.03.2023,18.8123,18.8727,19.2348,18.7872,,-0.37%,642
21.03.2023,18.587,18.8281,18.878,18.5881,,-1.20%,641
22.03.2023,18.606,18.5975,18.6653,18.378,,0.10%,640
23.03.2023,18.5536,18.6158,18.662,18.4503,,-0.28%,639
24.03.2023,18.414,18.5578,18.7978,18.4142,,-0.75%,638
27.03.2023,18.3335,18.42,18.4699,18.3263,,-0.44%,637
28.03.2023,18.225,18.3462,18.3603,18.21,,-0.59%,636
29.03.2023,18.0836,18.2375,18.2452,18.067,,-0.78%,635
30.03.2023,18.076,18.0875,18.1633,18.0497,,-0.04%,634
31.03.2023,18.0099,18.093,18.1257,17.9865,,-0.37%,633
03.04.2023,18.056,18.015,18.156,17.9647,,0.26%,632
04.04.2023,18.117,18.0625,18.1925,18.0082,,0.34%,631
05.04.2023,18.286,18.1406,18.408,18.0979,,0.93%,630
06.04.2023,18.2251,18.3045,18.3863,18.1963,,-0.33%,629
07.04.2023,18.115,18.2414,18.2719,18.0968,,-0.60%,628
10.04.2023,18.162,18.12,18.284,18.076,,0.26%,627
11.04.2023,18.157,18.1693,18.231,18.1014,,-0.03%,626
12.04.2023,18.063,18.1785,18.206,18.0161,,-0.52%,625
13.04.2023,17.998,18.075,18.1242,17.9739,,-0.36%,624
14.04.2023,17.996,18.01,18.123,17.9995,,-0.01%,623
17.04.2023,18.012,18.0026,18.1542,17.9327,,0.09%,622
18.04.2023,18.051,18.017,18.0971,17.9632,,0.22%,621
19.04.2023,18.033,18.055,18.1534,18.0323,,-0.10%,620
20.04.2023,17.987,18.0473,18.1241,17.986,,-0.26%,619
21.04.2023,17.968,18.004,18.0434,17.972,,-0.11%,618
24.04.2023,17.967,17.995,18.0535,17.9655,,-0.01%,617
25.04.2023,18.07,17.9825,18.1628,17.9492,,0.57%,616
26.04.2023,18.137,18.075,18.195,18.032,,0.37%,615
27.04.2023,18.026,18.1515,18.205,18.0176,,-0.61%,614
28.04.2023,17.98,18.0379,18.1112,17.9635,,-0.26%,613
01.05.2023,17.931,17.985,18.024,17.9188,,-0.27%,612
02.05.2023,17.974,17.938,18.0791,17.8998,,0.24%,611
03.05.2023,17.916,17.9799,17.9965,17.8241,,-0.32%,610
04.05.2023,17.902,17.9274,18.0359,17.8517,,-0.08%,609
05.05.2023,17.745,17.9135,17.9491,17.7447,,-0.88%,608
08.05.2023,17.79,17.765,17.842,17.7361,,0.25%,607
09.05.2023,17.747,17.795,17.8365,17.7403,,-0.24%,606
10.05.2023,17.5465,17.7734,17.7796,17.5489,,-1.13%,605
11.05.2023,17.573,17.5553,17.7031,17.5337,,0.15%,604
12.05.2023,17.581,17.581,17.6495,17.56,,0.05%,603
15.05.2023,17.434,17.5825,17.6209,17.4174,,-0.84%,602
16.05.2023,17.488,17.4405,17.5422,17.41,,0.31%,601
17.05.2023,17.587,17.5021,17.6925,17.4826,,0.57%,600
18.05.2023,17.703,17.596,17.7792,17.5916,,0.66%,599
19.05.2023,17.77,17.7105,17.7996,17.6192,,0.38%,598
22.05.2023,17.879,17.78,17.9608,17.7486,,0.61%,597
23.05.2023,17.946,17.8945,18.005,17.8646,,0.37%,596
24.05.2023,17.795,17.973,17.997,17.7661,,-0.84%,595
25.05.2023,17.848,17.7995,17.8815,17.7519,,0.30%,594
26.05.2023,17.61,17.854,17.8708,17.613,,-1.33%,593
29.05.2023,17.575,17.6295,17.6321,17.5315,,-0.20%,592
30.05.2023,17.643,17.5855,17.6958,17.5391,,0.39%,591
31.05.2023,17.6819,17.6585,17.7733,17.6347,,0.22%,590
01.06.2023,17.5474,17.6895,17.7282,17.5399,,-0.76%,589
02.06.2023,17.541,17.5455,17.5725,17.42,,-0.04%,588
05.06.2023,17.457,17.5545,17.5982,17.445,,-0.48%,587
06.06.2023,17.375,17.4685,17.505,17.3682,,-0.47%,586
07.06.2023,17.357,17.405,17.413,17.3033,,-0.10%,585
08.06.2023,17.365,17.366,17.455,17.3301,,0.05%,584
09.06.2023,17.278,17.3775,17.3918,17.2584,,-0.50%,583
12.06.2023,17.27,17.2775,17.3386,17.2414,,-0.05%,582
13.06.2023,17.201,17.283,17.33,17.1965,,-0.40%,581
14.06.2023,17.102,17.2225,17.255,17.0784,,-0.58%,580
15.06.2023,17.105,17.1065,17.268,17.0986,,0.02%,579
16.06.2023,17.062,17.1225,17.19,17.0219,,-0.25%,578
19.06.2023,17.07,17.075,17.1725,17.0611,,0.05%,577
20.06.2023,17.203,17.087,17.2443,17.0679,,0.78%,576
21.06.2023,17.116,17.216,17.2581,17.1035,,-0.51%,575
22.06.2023,17.165,17.114,17.2103,17.1074,,0.29%,574
23.06.2023,17.157,17.1839,17.2661,17.1366,,-0.05%,573
26.06.2023,17.133,17.1717,17.185,17.1112,,-0.14%,572
27.06.2023,17.0797,17.1375,17.1501,17.0534,,-0.31%,571
28.06.2023,17.07,17.086,17.135,17.0449,,-0.06%,570
29.06.2023,17.1231,17.0958,17.168,17.0641,,0.31%,569
30.06.2023,17.1135,17.1278,17.1744,17.0441,,-0.06%,568
03.07.2023,17.042,17.1305,17.1502,17.0375,,-0.42%,567
04.07.2023,17.0608,17.0585,17.0712,17.0158,,0.11%,566
05.07.2023,17.0026,17.0609,17.0767,16.98,,-0.34%,565
06.07.2023,17.227,17.0077,17.385,16.9957,,1.32%,564
07.07.2023,17.136,17.239,17.3968,17.0702,,-0.53%,563
10.07.2023,17.04,17.1353,17.175,17.0282,,-0.56%,562
11.07.2023,17.0379,17.0575,17.128,17.0378,,-0.01%,561
12.07.2023,16.884,17.0429,17.08,16.809,,-0.90%,560
13.07.2023,16.8371,16.8997,16.98,16.8241,,-0.28%,559
14.07.2023,16.736,16.8428,16.9198,16.7141,,-0.60%,558
17.07.2023,16.72,16.752,16.906,16.7066,,-0.10%,557
18.07.2023,16.74,16.7345,16.786,16.6936,,0.12%,556
19.07.2023,16.7066,16.7544,16.789,16.7029,,-0.20%,555
20.07.2023,16.873,16.7119,16.9174,16.7013,,1.00%,554
21.07.2023,16.976,16.889,17.0504,16.8608,,0.61%,553
24.07.2023,16.82,16.9785,17.0109,16.8109,,-0.92%,552
25.07.2023,16.92,16.835,16.9447,16.8001,,0.59%,551
26.07.2023,16.834,16.93,16.9839,16.8158,,-0.51%,550
27.07.2023,16.86,16.8429,16.9099,16.7021,,0.15%,549
28.07.2023,16.673,16.872,16.9487,16.6248,,-1.11%,548
31.07.2023,16.728,16.681,16.788,16.6681,,0.33%,547
01.08.2023,16.875,16.745,16.9104,16.7307,,0.88%,546
02.08.2023,17.008,16.8805,17.085,16.8342,,0.79%,545
03.08.2023,17.323,17.0285,17.435,16.994,,1.85%,544
04.08.2023,17.051,17.341,17.435,17.0085,,-1.57%,543
07.08.2023,17.045,17.0775,17.1522,17.0229,,-0.04%,542
08.08.2023,17.1074,17.061,17.2864,17.0475,,0.37%,541
09.08.2023,17.0533,17.1179,17.1897,17.0446,,-0.32%,540
10.08.2023,17.13,17.0579,17.1451,16.9102,,0.45%,539
11.08.2023,16.988,17.1355,17.1439,16.9515,,-0.83%,538
14.08.2023,17.038,17.012,17.138,16.9648,,0.29%,537
15.08.2023,17.14,17.052,17.1912,17.0387,,0.60%,536
16.08.2023,17.132,17.1475,17.1716,17.0322,,-0.05%,535
17.08.2023,17.098,17.1395,17.2101,17.0602,,-0.20%,534
18.08.2023,17.035,17.1055,17.1368,17.015,,-0.37%,533
21.08.2023,17.02,17.0515,17.0812,16.9939,,-0.09%,532
22.08.2023,16.902,17.0275,17.0383,16.8933,,-0.69%,531
23.08.2023,16.79,16.913,16.9343,16.7756,,-0.66%,530
24.08.2023,16.814,16.795,16.861,16.7626,,0.14%,529
25.08.2023,16.723,16.829,16.8468,16.7309,,-0.54%,528
28.08.2023,16.778,16.749,16.799,16.6925,,0.33%,527
29.08.2023,16.79,16.7882,16.8881,16.7534,,0.07%,526
30.08.2023,16.728,16.797,16.8135,16.7271,,-0.37%,525
31.08.2023,17.027,16.74,17.0995,16.709,,1.79%,524
01.09.2023,17.076,17.035,17.2026,16.9711,,0.29%,523
04.09.2023,17.168,17.078,17.1966,17.0429,,0.54%,522
05.09.2023,17.406,17.1835,17.4589,17.169,,1.39%,521
06.09.2023,17.553,17.4195,17.6807,17.3937,,0.84%,520
07.09.2023,17.574,17.571,17.7099,17.4211,,0.12%,519
08.09.2023,17.577,17.595,17.6298,17.4394,,0.02%,518
11.09.2023,17.265,17.57,17.6068,17.2661,,-1.78%,517
12.09.2023,17.199,17.275,17.3817,17.2099,,-0.38%,516
13.09.2023,17.147,17.2245,17.292,17.0865,,-0.30%,515
14.09.2023,17.104,17.1545,17.208,17.0716,,-0.25%,514
15.09.2023,17.064,17.1092,17.1271,17.0471,,-0.23%,513
18.09.2023,17.131,17.0735,17.1814,17.0305,,0.39%,512
19.09.2023,17.0774,17.1355,17.1454,17.0538,,-0.31%,511
20.09.2023,17.0879,17.0819,17.101,16.9973,,0.06%,510
21.09.2023,17.224,17.0956,17.2519,17.0662,,0.80%,509
22.09.2023,17.1989,17.2325,17.2461,17.1007,,-0.15%,508
25.09.2023,17.3893,17.2076,17.455,17.1719,,1.11%,507
26.09.2023,17.524,17.3965,17.5672,17.3622,,0.77%,506
27.09.2023,17.6663,17.5475,17.8186,17.4763,,0.81%,505
28.09.2023,17.54,17.674,17.7381,17.5352,,-0.71%,504
29.09.2023,17.397,17.57,17.58,17.349,,-0.82%,503
02.10.2023,17.664,17.415,17.7195,17.379,,1.53%,502
03.10.2023,18.0653,17.675,18.0815,17.6025,,2.27%,501
04.10.2023,17.949,18.0728,18.2171,17.8245,,-0.64%,500
05.10.2023,18.2462,17.964,18.3757,17.929,,1.66%,499
06.10.2023,18.1638,18.2598,18.4905,18.102,,-0.45%,498
09.10.2023,18.1873,18.1965,18.4219,18.1562,,0.13%,497
10.10.2023,17.9306,18.2052,18.304,17.917,,-1.41%,496
11.10.2023,17.8286,17.9332,17.9692,17.7851,,-0.57%,495
12.10.2023,17.967,17.835,18.0856,17.7537,,0.78%,494
13.10.2023,18.062,17.9815,18.1131,17.8431,,0.53%,493
16.10.2023,17.872,18.0665,18.0724,17.8707,,-1.05%,492
17.10.2023,18.009,17.8857,18.0806,17.8679,,0.77%,491
18.10.2023,18.24,18.0138,18.3087,17.9591,,1.28%,490
19.10.2023,18.313,18.255,18.3972,18.1595,,0.40%,489
20.10.2023,18.223,18.3235,18.4665,18.1778,,-0.49%,488
23.10.2023,18.139,18.23,18.3757,18.0751,,-0.46%,487
24.10.2023,18.248,18.1426,18.3491,18.08,,0.60%,486
25.10.2023,18.31,18.2535,18.3974,18.2305,,0.34%,485
26.10.2023,18.1498,18.3295,18.4254,18.1227,,-0.87%,484
27.10.2023,18.113,18.1535,18.1783,17.9998,,-0.20%,483
30.10.2023,18.0449,18.1315,18.134,17.9641,,-0.38%,482
31.10.2023,18.037,18.0505,18.1212,17.9249,,-0.04%,481
01.11.2023,17.7647,18.0465,18.1164,17.7488,,-1.51%,480
02.11.2023,17.5096,17.7675,17.806,17.5107,,-1.44%,479
03.11.2023,17.449,17.5151,17.563,17.2829,,-0.35%,478
06.11.2023,17.5431,17.459,17.5842,17.405,,0.54%,477
07.11.2023,17.472,17.5478,17.5952,17.4491,,-0.41%,476
08.11.2023,17.5333,17.4776,17.5795,17.4639,,0.35%,475
09.11.2023,17.808,17.5366,17.9004,17.472,,1.57%,474
10.11.2023,17.632,17.824,17.941,17.6176,,-0.99%,473
13.11.2023,17.596,17.645,17.7278,17.5729,,-0.20%,472
14.11.2023,17.339,17.607,17.6318,17.336,,-1.46%,471
15.11.2023,17.2947,17.3447,17.4181,17.2873,,-0.26%,470
16.11.2023,17.2236,17.298,17.3349,17.218,,-0.41%,469
17.11.2023,17.206,17.2278,17.2656,17.1877,,-0.10%,468
20.11.2023,17.1097,17.2321,17.2549,17.0809,,-0.56%,467
21.11.2023,17.181,17.1161,17.2709,17.0656,,0.42%,466
22.11.2023,17.178,17.1954,17.2522,17.1556,,-0.02%,465
23.11.2023,17.179,17.1999,17.2075,17.1444,,0.01%,464
24.11.2023,17.1,17.188,17.1929,17.084,,-0.46%,463
27.11.2023,17.1645,17.1225,17.2115,17.0326,,0.38%,462
28.11.2023,17.1356,17.1701,17.2166,17.1052,,-0.17%,461
29.11.2023,17.276,17.1425,17.3246,17.1141,,0.82%,460
30.11.2023,17.3784,17.2829,17.4988,17.2554,,0.59%,459
01.12.2023,17.17,17.3859,17.4044,17.159,,-1.20%,458
04.12.2023,17.4522,17.188,17.5411,17.1816,,1.64%,457
05.12.2023,17.3775,17.4573,17.5655,17.3554,,-0.43%,456
06.12.2023,17.258,17.3825,17.3971,17.239,,-0.69%,455
07.12.2023,17.453,17.269,17.5441,17.2598,,1.13%,454
08.12.2023,17.347,17.473,17.5235,17.3069,,-0.61%,453
11.12.2023,17.3755,17.351,17.468,17.3383,,0.16%,452
12.12.2023,17.3034,17.3808,17.4382,17.2945,,-0.41%,451
13.12.2023,17.235,17.3083,17.4646,17.1909,,-0.40%,450
14.12.2023,17.186,17.245,17.4006,17.1404,,-0.28%,449
15.12.2023,17.184,17.1915,17.3444,17.1705,,-0.01%,448
18.12.2023,17.1574,17.2175,17.3008,17.1488,,-0.15%,447
19.12.2023,17.066,17.163,17.174,17.0285,,-0.53%,446
20.12.2023,17.1414,17.0706,17.1605,17.0269,,0.44%,445
21.12.2023,17.022,17.1465,17.1508,17.018,,-0.70%,444
22.12.2023,16.968,17.0295,17.0552,16.9287,,-0.32%,443
25.12.2023,17.013,17.01,17.0337,17.0085,,0.27%,442
26.12.2023,16.975,17.01,17.0145,16.9421,,-0.22%,441
27.12.2023,16.918,16.984,17.0019,16.9044,,-0.34%,440
28.12.2023,16.929,16.9233,17.0005,16.8598,,0.07%,439
29.12.2023,16.954,16.9515,16.9949,16.8927,,0.15%,438
01.01.2024,16.9642,16.9734,16.9742,16.9734,,0.06%,437
02.01.2024,17.014,16.9565,17.0743,16.9083,,0.29%,436
03.01.2024,17.003,17.027,17.103,17.0059,,-0.06%,435
04.01.2024,17.008,17.015,17.0906,16.9764,,0.03%,434
05.01.2024,16.866,17.0115,17.078,16.8612,,-0.83%,433
08.01.2024,16.817,16.885,16.9125,16.7845,,-0.29%,432
09.01.2024,16.961,16.834,16.9874,16.8129,,0.86%,431
10.01.2024,16.95,16.9597,17.025,16.9485,,-0.06%,430
11.01.2024,16.91,16.9747,17.0785,16.8997,,-0.24%,429
12.01.2024,16.861,16.9165,16.9326,16.8325,,-0.29%,428
15.01.2024,16.877,16.869,16.9161,16.8496,,0.09%,427
16.01.2024,17.202,16.884,17.245,16.8773,,1.93%,426
17.01.2024,17.194,17.215,17.395,17.1849,,-0.05%,425
18.01.2024,17.146,17.195,17.245,17.1446,,-0.28%,424
19.01.2024,17.078,17.159,17.2,17.0677,,-0.40%,423
22.01.2024,17.174,17.1192,17.226,17.0557,,0.56%,422
23.01.2024,17.3,17.182,17.395,17.1518,,0.73%,421
24.01.2024,17.21,17.31,17.3395,17.1375,,-0.52%,420
25.01.2024,17.19,17.23,17.278,17.1675,,-0.12%,419
26.01.2024,17.1543,17.2055,17.243,17.1286,,-0.21%,418
29.01.2024,17.218,17.159,17.2775,17.1376,,0.37%,417
30.01.2024,17.14,17.227,17.2675,17.1345,,-0.45%,416
31.01.2024,17.212,17.161,17.239,17.0975,,0.42%,415
01.02.2024,17.08,17.219,17.2955,17.0629,,-0.77%,414
02.02.2024,17.113,17.078,17.1915,17.0348,,0.19%,413
05.02.2024,17.111,17.156,17.2812,17.0857,,-0.01%,412
06.02.2024,17.032,17.1194,17.133,17.0065,,-0.46%,411
07.02.2024,17.026,17.037,17.0823,17.0057,,-0.04%,410
08.02.2024,17.1408,17.047,17.1736,17.0357,,0.67%,409
09.02.2024,17.076,17.1461,17.1755,17.07,,-0.38%,408
12.02.2024,17.0644,17.1105,17.122,17.0453,,-0.07%,407
13.02.2024,17.175,17.07,17.2402,17.0613,,0.65%,406
14.02.2024,17.073,17.1995,17.217,17.0776,,-0.59%,405
15.02.2024,17.039,17.0895,17.1135,17.0325,,-0.20%,404
16.02.2024,17.051,17.0446,17.1085,17.028,,0.07%,403
19.02.2024,17.041,17.064,17.0765,17.0281,,-0.06%,402
20.02.2024,17.048,17.045,17.092,16.9939,,0.04%,401
21.02.2024,17.0382,17.0655,17.0945,17.0305,,-0.06%,400
22.02.2024,17.098,17.0431,17.167,17.011,,0.35%,399
23.02.2024,17.107,17.129,17.163,17.0683,,0.05%,398
26.02.2024,17.0944,17.1075,17.154,17.0807,,-0.07%,397
27.02.2024,17.0587,17.1066,17.119,17.0398,,-0.21%,396
28.02.2024,17.0898,17.058,17.124,17.0518,,0.18%,395
29.02.2024,17.049,17.0935,17.1205,17.0387,,-0.24%,394
01.03.2024,17.0108,17.0655,17.0755,16.996,,-0.22%,393
04.03.2024,16.96,17.0245,17.0363,16.9456,,-0.30%,392
05.03.2024,16.9426,16.9575,16.9915,16.8977,,-0.10%,391
06.03.2024,16.877,16.9479,16.965,16.847,,-0.39%,390
07.03.2024,16.87,16.8885,16.9256,16.8479,,-0.04%,389
08.03.2024,16.8089,16.8772,16.9013,16.7619,,-0.36%,388
11.03.2024,16.779,16.835,16.8465,16.7821,,-0.18%,387
12.03.2024,16.7945,16.8025,16.866,16.773,,0.09%,386
13.03.2024,16.6595,16.814,16.8185,16.6543,,-0.80%,385
14.03.2024,16.696,16.6708,16.743,16.6454,,0.22%,384
15.03.2024,16.693,16.7025,16.748,16.6628,,-0.02%,383
18.03.2024,16.8253,16.6965,16.8704,16.6826,,0.79%,382
19.03.2024,16.802,16.8307,16.948,16.796,,-0.14%,381
20.03.2024,16.6733,16.811,16.8635,16.6702,,-0.77%,380
21.03.2024,16.7352,16.678,16.798,16.6668,,0.37%,379
22.03.2024,16.757,16.7415,16.836,16.6939,,0.13%,378
25.03.2024,16.673,16.7652,16.7745,16.6657,,-0.50%,377
26.03.2024,16.635,16.682,16.725,16.6325,,-0.23%,376
27.03.2024,16.523,16.65,16.6855,16.5095,,-0.67%,375
28.03.2024,16.622,16.5429,16.638,16.5259,,0.60%,374
29.03.2024,16.531,16.63,16.6451,16.5393,,-0.55%,373
01.04.2024,16.6118,16.5885,16.679,16.5317,,0.49%,372
02.04.2024,16.55,16.616,16.6595,16.5422,,-0.37%,371
03.04.2024,16.534,16.5555,16.6255,16.5158,,-0.10%,370
04.04.2024,16.5829,16.5465,16.6215,16.4927,,0.30%,369
05.04.2024,16.4497,16.5879,16.6195,16.4385,,-0.80%,368
08.04.2024,16.313,16.4625,16.4967,16.3055,,-0.83%,367
09.04.2024,16.3826,16.328,16.4305,16.2602,,0.43%,366
10.04.2024,16.41,16.3749,16.5265,16.3029,,0.17%,365
11.04.2024,16.4343,16.43,16.4985,16.3746,,0.15%,364
12.04.2024,16.62,16.4245,16.754,16.4093,,1.13%,363
15.04.2024,16.723,16.675,16.7545,16.5415,,0.62%,362
16.04.2024,17.053,16.7162,17.097,16.6948,,1.97%,361
17.04.2024,16.957,17.072,17.1055,16.8595,,-0.56%,360
18.04.2024,17.075,16.9785,17.1795,16.9196,,0.70%,359
19.04.2024,17.082,17.073,17.9465,17.0336,,0.04%,358
22.04.2024,17.1317,17.1015,17.249,17.0111,,0.29%,357
23.04.2024,16.939,17.1367,17.1615,16.9455,,-1.12%,356
24.04.2024,17.0556,16.958,17.156,16.9085,,0.69%,355
25.04.2024,17.195,17.0715,17.401,17.0185,,0.82%,354
26.04.2024,17.139,17.2053,17.29,17.1137,,-0.33%,353
29.04.2024,17.0016,17.1597,17.2502,16.9893,,-0.80%,352
30.04.2024,17.1355,17.0074,17.155,16.9592,,0.79%,351
01.05.2024,16.985,17.151,17.1742,16.9115,,-0.88%,350
02.05.2024,16.9653,16.9936,17.031,16.9007,,-0.12%,349
03.05.2024,16.96,16.998,17.045,16.826,,-0.03%,348
06.05.2024,16.86,16.9655,17.0043,16.8509,,-0.59%,347
07.05.2024,16.876,16.8955,16.944,16.8324,,0.09%,346
08.05.2024,16.895,16.904,16.987,16.87,,0.11%,345
09.05.2024,16.751,16.909,16.974,16.7628,,-0.85%,344
10.05.2024,16.75,16.777,16.834,16.7195,,-0.01%,343
13.05.2024,16.7991,16.794,16.8284,16.7316,,0.29%,342
14.05.2024,16.833,16.8044,16.888,16.7703,,0.20%,341
15.05.2024,16.6799,16.853,16.91,16.6485,,-0.91%,340
16.05.2024,16.67,16.6853,16.7505,16.6585,,-0.06%,339
17.05.2024,16.59,16.681,16.727,16.5912,,-0.48%,338
20.05.2024,16.5536,16.626,16.654,16.5417,,-0.22%,337
21.05.2024,16.62,16.559,16.677,16.524,,0.40%,336
22.05.2024,16.66,16.6413,16.702,16.5919,,0.24%,335
23.05.2024,16.7153,16.6595,16.768,16.6187,,0.33%,334
24.05.2024,16.682,16.7204,16.766,16.6716,,-0.20%,333
27.05.2024,16.645,16.687,16.7215,16.6369,,-0.22%,332
28.05.2024,16.7799,16.6755,16.8335,16.6327,,0.81%,331
29.05.2024,16.948,16.7975,17.0208,16.7416,,1.00%,330
30.05.2024,17.0168,16.974,17.141,16.906,,0.41%,329
31.05.2024,16.993,17.0165,17.082,16.9175,,-0.14%,328
03.06.2024,17.671,16.9825,17.757,16.917,,3.99%,327
04.06.2024,17.853,17.6975,18.2045,17.545,,1.03%,326
05.06.2024,17.493,17.8584,17.8785,17.484,,-2.02%,325
06.06.2024,17.97,17.518,18.019,17.446,,2.73%,324
07.06.2024,18.38,17.9925,18.47,17.8063,,2.28%,323
10.06.2024,18.21,18.406,18.6755,18.2085,,-0.92%,322
11.06.2024,18.5706,18.2435,18.6075,18.21,,1.98%,321
12.06.2024,18.73,18.5857,18.9955,18.5118,,0.86%,320
13.06.2024,18.355,18.7495,18.8431,18.351,,-2.00%,319
14.06.2024,18.454,18.4045,18.6865,18.3631,,0.54%,318
17.06.2024,18.508,18.4765,18.6405,18.4316,,0.29%,317
18.06.2024,18.395,18.5365,18.5677,18.2927,,-0.61%,316
19.06.2024,18.408,18.41,18.4786,18.362,,0.07%,315
20.06.2024,18.3454,18.4225,18.4655,18.2535,,-0.34%,314
21.06.2024,18.1,18.371,18.3951,18.0874,,-1.34%,313
24.06.2024,17.938,18.1495,18.1655,17.8719,,-0.90%,312
25.06.2024,18.0932,17.9715,18.204,17.8913,,0.87%,311
26.06.2024,18.325,18.0952,18.3975,18.0634,,1.28%,310
27.06.2024,18.419,18.346,18.468,18.2791,,0.51%,309
28.06.2024,18.33,18.4385,18.602,18.2025,,-0.48%,308
01.07.2024,18.337,18.3047,18.452,18.2618,,0.04%,307
02.07.2024,18.248,18.359,18.4956,18.2104,,-0.49%,306
03.07.2024,18.1592,18.2605,18.3065,18.1075,,-0.49%,305
04.07.2024,18.077,18.181,18.198,18.0563,,-0.45%,304
05.07.2024,18.0925,18.0932,18.199,18,,0.09%,303
08.07.2024,17.996,18.095,18.1164,17.9604,,-0.53%,302
09.07.2024,17.918,18.018,18.06,17.8983,,-0.43%,301
10.07.2024,17.8156,17.9191,17.9352,17.7644,,-0.57%,300
11.07.2024,17.766,17.8363,17.892,17.7013,,-0.28%,299
12.07.2024,17.606,17.7815,17.81,17.6025,,-0.90%,298
15.07.2024,17.725,17.6975,17.861,17.66,,0.68%,297
16.07.2024,17.662,17.741,17.813,17.6375,,-0.36%,296
17.07.2024,17.692,17.676,17.8158,17.6437,,0.17%,295
18.07.2024,17.948,17.7195,18.0775,17.6886,,1.45%,294
19.07.2024,18.035,17.9615,18.1125,17.8223,,0.48%,293
22.07.2024,17.925,18.031,18.1135,17.8855,,-0.61%,292
23.07.2024,18.1397,17.9385,18.196,17.9188,,1.20%,291
24.07.2024,18.354,18.1462,18.4353,18.1355,,1.18%,290
25.07.2024,18.4475,18.374,18.593,18.317,,0.51%,289
26.07.2024,18.45,18.46,18.5105,18.3027,,0.01%,288
29.07.2024,18.6271,18.449,18.7335,18.4095,,0.96%,287
30.07.2024,18.751,18.632,18.823,18.5735,,0.67%,286
31.07.2024,18.6,18.764,18.9492,18.5125,,-0.81%,285
01.08.2024,18.845,18.6073,18.876,18.4222,,1.32%,284
02.08.2024,19.162,18.8595,19.215,18.8455,,1.68%,283
05.08.2024,19.332,19.144,20.0565,19.135,,0.89%,282
06.08.2024,19.564,19.3415,19.616,19.1416,,1.20%,281
07.08.2024,19.267,19.585,19.604,19.1135,,-1.52%,280
08.08.2024,18.86,19.2835,19.381,18.8592,,-2.11%,279
09.08.2024,18.824,18.875,18.9245,18.7712,,-0.19%,278
12.08.2024,19.059,18.8395,19.1105,18.7889,,1.25%,277
13.08.2024,18.997,19.079,19.103,18.9025,,-0.33%,276
14.08.2024,18.78,19.0185,19.0445,18.7759,,-1.14%,275
15.08.2024,18.6372,18.7995,18.847,18.632,,-0.76%,274
16.08.2024,18.632,18.6427,18.7505,18.5989,,-0.03%,273
19.08.2024,18.656,18.627,18.8425,18.605,,0.13%,272
20.08.2024,18.982,18.6745,19.036,18.6564,,1.75%,271
21.08.2024,19.27,18.996,19.4125,18.9295,,1.52%,270
22.08.2024,19.516,19.2805,19.545,19.271,,1.28%,269
23.08.2024,19.094,19.5325,19.547,19.0185,,-2.16%,268
26.08.2024,19.395,19.115,19.4525,19.115,,1.58%,267
27.08.2024,19.75,19.407,19.797,19.3517,,1.83%,266
28.08.2024,19.6412,19.7675,19.799,19.4205,,-0.55%,265
29.08.2024,19.835,19.6457,19.962,19.5683,,0.99%,264
30.08.2024,19.71,19.849,19.8805,19.6205,,-0.63%,263
02.09.2024,19.812,19.7255,19.833,19.6224,,0.52%,262
03.09.2024,19.7836,19.825,19.99,19.7255,,-0.14%,261
04.09.2024,19.925,19.7946,19.963,19.6745,,0.71%,260
05.09.2024,19.861,19.9375,20.1535,19.8612,,-0.32%,259
06.09.2024,19.969,19.885,20.1025,19.7584,,0.54%,258
09.09.2024,19.881,19.962,20.0144,19.805,,-0.44%,257
10.09.2024,20.0945,19.8855,20.1405,19.8716,,1.07%,256
11.09.2024,19.786,20.1077,20.153,19.7435,,-1.54%,255
12.09.2024,19.51,19.808,19.8605,19.4605,,-1.39%,254
13.09.2024,19.187,19.5345,19.572,19.1926,,-1.66%,253
16.09.2024,19.207,19.212,19.3876,19.1509,,0.10%,252
17.09.2024,19.092,19.22,19.41,19.0874,,-0.60%,251
18.09.2024,19.283,19.1075,19.389,19.0655,,1.00%,250
19.09.2024,19.3,19.295,19.409,19.1421,,0.09%,249
20.09.2024,19.404,19.32,19.494,19.2579,,0.54%,248
23.09.2024,19.415,19.415,19.5037,19.3,,0.06%,247
24.09.2024,19.306,19.4275,19.457,19.233,,-0.56%,246
25.09.2024,19.624,19.321,19.6895,19.3067,,1.65%,245
26.09.2024,19.611,19.641,19.757,19.4653,,-0.07%,244
27.09.2024,19.702,19.63,19.7625,19.5296,,0.46%,243
30.09.2024,19.678,19.725,19.7495,19.5511,,-0.12%,242
01.10.2024,19.605,19.7105,19.835,19.5881,,-0.37%,241
02.10.2024,19.4,19.6161,19.668,19.337,,-1.05%,240
03.10.2024,19.34,19.4155,19.5775,19.291,,-0.31%,239
04.10.2024,19.257,19.37,19.4,19.1112,,-0.43%,238
07.10.2024,19.27,19.285,19.435,19.1932,,0.07%,237
08.10.2024,19.331,19.292,19.4555,19.2244,,0.32%,236
09.10.2024,19.49,19.356,19.508,19.3178,,0.82%,235
10.10.2024,19.45,19.4985,19.622,19.4186,,-0.21%,234
11.10.2024,19.256,19.46,19.5055,19.2579,,-1.00%,233
14.10.2024,19.362,19.291,19.4025,19.2418,,0.55%,232
15.10.2024,19.684,19.372,19.7625,19.3591,,1.66%,231
16.10.2024,19.85,19.722,19.9615,19.6754,,0.84%,230
17.10.2024,19.833,19.8845,20.0325,19.834,,-0.09%,229
18.10.2024,19.849,19.8455,19.916,19.65,,0.08%,228
21.10.2024,19.967,19.87,20.0795,19.8424,,0.59%,227
22.10.2024,19.948,19.984,19.9925,19.7682,,-0.10%,226
23.10.2024,19.826,19.9325,20.0995,19.8137,,-0.61%,225
24.10.2024,19.792,19.8445,19.9015,19.7546,,-0.17%,224
25.10.2024,19.95,19.8055,20.022,19.7712,,0.80%,223
28.10.2024,20.023,20.0015,20.0995,19.937,,0.37%,222
29.10.2024,20.048,20.035,20.099,19.9609,,0.12%,221
30.10.2024,20.143,20.0675,20.2345,20.0043,,0.47%,220
31.10.2024,20.012,20.1555,20.1945,19.9854,,-0.65%,219
01.11.2024,20.267,20.0325,20.31,19.9193,,1.27%,218
04.11.2024,20.091,20.13,20.1724,19.9543,,-0.87%,217
05.11.2024,20.097,20.109,20.3585,20.0355,,0.03%,216
06.11.2024,20.08,20.107,20.809,20.0045,,-0.08%,215
07.11.2024,19.795,20.0925,20.213,19.76,,-1.42%,214
08.11.2024,20.1711,19.8105,20.2805,19.7724,,1.90%,213
11.11.2024,20.334,20.177,20.585,20.1239,,0.81%,212
12.11.2024,20.581,20.348,20.7025,20.338,,1.21%,211
13.11.2024,20.492,20.596,20.663,20.4296,,-0.43%,210
14.11.2024,20.402,20.5145,20.6795,20.3811,,-0.44%,209
15.11.2024,20.301,20.3975,20.5105,20.3136,,-0.50%,208
18.11.2024,20.202,20.368,20.448,20.2024,,-0.49%,207
19.11.2024,20.095,20.211,20.3475,20.0635,,-0.53%,206
20.11.2024,20.255,20.1145,20.336,20.09,,0.80%,205
21.11.2024,20.403,20.2835,20.472,20.2545,,0.73%,204
22.11.2024,20.401,20.4265,20.5585,20.3748,,-0.01%,203
25.11.2024,20.28,20.43,20.4505,20.2273,,-0.59%,202
26.11.2024,20.626,20.315,20.8365,20.2936,,1.71%,201
27.11.2024,20.58,20.657,20.7875,20.5266,,-0.22%,200
28.11.2024,20.41,20.6,20.6194,20.2031,,-0.83%,199
29.11.2024,20.361,20.429,20.4775,20.2467,,-0.24%,198
02.12.2024,20.377,20.375,20.608,20.3605,,0.08%,197
03.12.2024,20.3,20.3995,20.439,20.2862,,-0.38%,196
04.12.2024,20.277,20.315,20.3895,20.2538,,-0.11%,195
05.12.2024,20.18,20.2945,20.3242,20.1605,,-0.48%,194
06.12.2024,20.187,20.1995,20.29,20.1019,,0.03%,193
09.12.2024,20.224,20.185,20.2722,20.1103,,0.18%,192
10.12.2024,20.147,20.2365,20.334,20.1416,,-0.38%,191
11.12.2024,20.11,20.1785,20.2625,20.096,,-0.18%,190
12.12.2024,20.206,20.1445,20.246,20.1012,,0.48%,189
13.12.2024,20.1216,20.23,20.27,20.1015,,-0.42%,188
16.12.2024,20.123,20.138,20.2115,20.0979,,0.01%,187
17.12.2024,20.167,20.1415,20.2935,20.0984,,0.22%,186
18.12.2024,20.35,20.178,20.4315,20.0705,,0.91%,185
19.12.2024,20.29,20.37,20.5125,20.291,,-0.29%,184
20.12.2024,20.051,20.315,20.375,20.0204,,-1.18%,183
23.12.2024,20.1679,20.08,20.27,20.0457,,0.58%,182
24.12.2024,20.15,20.1719,20.2195,20.1225,,-0.09%,181
25.12.2024,20.149,20.165,20.1836,20.1422,,0.00%,180
26.12.2024,20.236,20.1695,20.24,20.1276,,0.43%,179
27.12.2024,20.313,20.23,20.41,20.1955,,0.38%,178
30.12.2024,20.637,20.333,20.6955,20.3146,,1.60%,177
31.12.2024,20.8197,20.6535,20.9105,20.6345,,0.89%,176
01.01.2025,20.836,20.8235,20.8422,20.8123,,0.08%,175
02.01.2025,20.58,20.817,20.8687,20.5755,,-1.23%,174
03.01.2025,20.619,20.6095,20.709,20.521,,0.19%,173
06.01.2025,20.3,20.625,20.6667,20.2375,,-1.55%,172
07.01.2025,20.31,20.318,20.4025,20.2614,,0.05%,171
08.01.2025,20.37,20.33,20.5335,20.3086,,0.30%,170
09.01.2025,20.48,20.4155,20.5285,20.4008,,0.54%,169
10.01.2025,20.703,20.5025,20.7545,20.481,,1.09%,168
13.01.2025,20.65,20.712,20.8725,20.6386,,-0.26%,167
14.01.2025,20.506,20.6635,20.7158,20.45,,-0.70%,166
15.01.2025,20.4499,20.5145,20.569,20.372,,-0.27%,165
16.01.2025,20.83,20.4625,20.868,20.4527,,1.86%,164
17.01.2025,20.781,20.86,20.9425,20.6767,,-0.24%,163
20.01.2025,20.475,20.79,20.9025,20.4393,,-1.47%,162
21.01.2025,20.612,20.501,20.8035,20.4775,,0.67%,161
22.01.2025,20.486,20.6285,20.6795,20.4604,,-0.61%,160
23.01.2025,20.374,20.51,20.568,20.2735,,-0.55%,159
24.01.2025,20.261,20.393,20.3997,20.1321,,-0.55%,158
27.01.2025,20.665,20.275,20.755,20.275,,1.99%,157
28.01.2025,20.533,20.672,20.789,20.5065,,-0.64%,156
29.01.2025,20.494,20.554,20.6705,20.4682,,-0.19%,155
30.01.2025,20.71,20.5145,20.7655,20.3998,,1.05%,154
31.01.2025,20.678,20.7365,20.768,20.4525,,-0.15%,153
03.02.2025,20.33,21.16,21.2942,20.304,,-1.68%,152
04.02.2025,20.49,20.3425,20.604,20.3126,,0.79%,151
05.02.2025,20.566,20.4955,20.717,20.4663,,0.37%,150
06.02.2025,20.431,20.5905,20.659,20.4145,,-0.66%,149
07.02.2025,20.5665,20.4565,20.629,20.4285,,0.66%,148
10.02.2025,20.586,20.56,20.709,20.5479,,0.09%,147
11.02.2025,20.54,20.6005,20.6655,20.5005,,-0.22%,146
12.02.2025,20.514,20.57,20.635,20.4335,,-0.13%,145
13.02.2025,20.405,20.536,20.6535,20.39,,-0.53%,144
14.02.2025,20.29,20.42,20.443,20.2601,,-0.56%,143
17.02.2025,20.286,20.3145,20.4302,20.262,,-0.02%,142
18.02.2025,20.24,20.2945,20.343,20.1972,,-0.23%,141
19.02.2025,20.432,20.275,20.4898,20.2003,,0.95%,140
20.02.2025,20.295,20.461,20.483,20.289,,-0.67%,139
21.02.2025,20.41,20.3225,20.4545,20.2854,,0.57%,138
24.02.2025,20.4703,20.425,20.5346,20.3463,,0.30%,137
25.02.2025,20.4634,20.4594,20.5515,20.3905,,-0.03%,136
26.02.2025,20.412,20.4717,20.553,20.2856,,-0.25%,135
27.02.2025,20.457,20.4335,20.552,20.3561,,0.22%,134
28.02.2025,20.531,20.485,20.658,20.3743,,0.36%,133
03.03.2025,20.686,20.5265,20.7505,20.3722,,0.75%,132
04.03.2025,20.586,20.7,21.0035,20.4647,,-0.48%,131
05.03.2025,20.411,20.613,20.6735,20.3437,,-0.85%,130
06.03.2025,20.278,20.416,20.508,20.2103,,-0.65%,129
07.03.2025,20.236,20.291,20.341,20.2285,,-0.21%,128
10.03.2025,20.3532,20.2552,20.401,20.1756,,0.58%,127
11.03.2025,20.2606,20.3585,20.409,20.245,,-0.45%,126
12.03.2025,20.173,20.2642,20.3125,20.155,,-0.43%,125
13.03.2025,20.0798,20.1915,20.2045,20.0591,,-0.46%,124
14.03.2025,19.913,20.0836,20.1285,19.8457,,-0.83%,123
17.03.2025,19.927,19.94,19.9733,19.8655,,0.07%,122
18.03.2025,19.902,19.943,20.1007,19.9072,,-0.13%,121
19.03.2025,20.069,19.9335,20.0979,19.8993,,0.84%,120
20.03.2025,20.133,20.07,20.2725,20.0223,,0.32%,119
21.03.2025,20.223,20.15,20.2815,20.1344,,0.45%,118
24.03.2025,20.024,20.241,20.2476,20.0269,,-0.98%,117
25.03.2025,20.046,20.039,20.1275,19.9563,,0.11%,116
26.03.2025,20.1003,20.0525,20.1725,20.0365,,0.27%,115
27.03.2025,20.297,20.1112,20.3745,20.0992,,0.98%,114
28.03.2025,20.346,20.3085,20.4688,20.2668,,0.24%,113
31.03.2025,20.458,20.408,20.4928,20.3295,,0.55%,112
01.04.2025,20.351,20.4784,20.547,20.3155,,-0.52%,111
02.04.2025,20.202,20.362,20.518,20.181,,-0.73%,110
03.04.2025,19.92,20.2095,20.3441,19.8374,,-1.40%,109
04.04.2025,20.416,19.945,20.565,19.9043,,2.49%,108
07.04.2025,20.673,20.44,20.822,20.409,,1.26%,107
08.04.2025,20.8409,20.705,20.915,20.4673,,0.81%,106
09.04.2025,20.215,20.8482,21.088,20.1625,,-3.00%,105
10.04.2025,20.4433,20.255,20.581,20.2287,,1.13%,104
11.04.2025,20.315,20.4618,20.6315,20.2476,,-0.63%,103
14.04.2025,20.072,20.3325,20.3325,20.0216,,-1.20%,102
15.04.2025,20.099,20.0985,20.1533,19.9255,,0.13%,101
16.04.2025,19.92,20.1065,20.1441,19.9023,,-0.89%,100
17.04.2025,19.677,19.9445,19.9618,19.6549,,-1.22%,99
18.04.2025,19.714,19.7055,19.7445,19.681,,0.19%,98
21.04.2025,19.724,19.7115,19.7695,19.582,,0.05%,97
22.04.2025,19.6155,19.7375,19.7515,19.5205,,-0.55%,96
23.04.2025,19.634,19.6155,19.6795,19.4694,,0.09%,95
24.04.2025,19.6,19.6375,19.6516,19.5596,,-0.17%,94
25.04.2025,19.51,19.6,19.6915,19.4967,,-0.46%,93
28.04.2025,19.591,19.5085,19.6125,19.4812,,0.42%,92
29.04.2025,19.5555,19.585,19.656,19.545,,-0.18%,91
30.04.2025,19.6145,19.5555,19.6585,19.5195,,0.30%,90
01.05.2025,19.611,19.62,19.6815,19.5895,,-0.02%,89
02.05.2025,19.5805,19.6125,19.7054,19.5468,,-0.16%,88
05.05.2025,19.6935,19.589,19.7087,19.5477,,0.58%,87
06.05.2025,19.67,19.6985,19.7865,19.6199,,-0.12%,86
07.05.2025,19.589,19.67,19.6875,19.5547,,-0.41%,85
08.05.2025,19.5405,19.589,19.635,19.5104,,-0.25%,84
09.05.2025,19.461,19.5354,19.5542,19.4336,,-0.41%,83
12.05.2025,19.639,19.4567,19.671,19.4204,,0.91%,82
13.05.2025,19.4185,19.6395,19.6499,19.3743,,-1.12%,81
14.05.2025,19.3895,19.4235,19.438,19.301,,-0.15%,80
15.05.2025,19.492,19.3845,19.525,19.3252,,0.53%,79
16.05.2025,19.4725,19.497,19.571,19.4333,,-0.10%,78
19.05.2025,19.3175,19.465,19.4936,19.2993,,-0.80%,77
20.05.2025,19.2775,19.3125,19.3395,19.2482,,-0.21%,76
21.05.2025,19.3685,19.265,19.399,19.2561,,0.47%,75
22.05.2025,19.3155,19.382,19.4635,19.2877,,-0.27%,74
23.05.2025,19.2375,19.31,19.384,19.2224,,-0.40%,73
26.05.2025,19.251,19.2267,19.256,19.1823,,0.07%,72
27.05.2025,19.2669,19.2555,19.292,19.1815,,0.08%,71
28.05.2025,19.4025,19.2651,19.43,19.2527,,0.70%,70
29.05.2025,19.3235,19.398,19.4325,19.2905,,-0.41%,69
30.05.2025,19.43,19.3235,19.445,19.2566,,0.55%,68
02.06.2025,19.2215,19.428,19.4452,19.1889,,-1.07%,67
03.06.2025,19.239,19.2065,19.2895,19.1951,,0.09%,66
04.06.2025,19.1962,19.244,19.2592,19.1602,,-0.22%,65
05.06.2025,19.1597,19.1986,19.2315,19.1367,,-0.19%,64
06.06.2025,19.1155,19.1665,19.227,19.0897,,-0.23%,63
09.06.2025,19.0431,19.1075,19.1171,19.0214,,-0.38%,62
10.06.2025,19.0655,19.0545,19.103,19.0252,,0.12%,61
11.06.2025,18.9112,19.0655,19.0835,18.8247,,-0.81%,60
12.06.2025,18.8815,18.9149,18.9855,18.8544,,-0.16%,59
13.06.2025,18.962,18.8815,19.109,18.8727,,0.43%,58
16.06.2025,18.9255,18.961,18.9768,18.8224,,-0.19%,57
17.06.2025,19.0145,18.915,19.058,18.8976,,0.47%,56
18.06.2025,19.0095,19.015,19.055,18.9421,,-0.03%,55
19.06.2025,19.0365,19.002,19.122,18.9922,,0.14%,54
20.06.2025,19.1744,19.0365,19.205,19.0068,,0.72%,53
23.06.2025,19.1251,19.185,19.3472,19.1146,,-0.26%,52
24.06.2025,19.0155,19.1251,19.1605,18.9467,,-0.57%,51
25.06.2025,18.928,19.0155,19.0469,18.8968,,-0.46%,50
26.06.2025,18.894,18.928,18.9685,18.8433,,-0.18%,49
27.06.2025,18.825,18.885,18.9285,18.8064,,-0.37%,48
30.06.2025,18.747,18.8185,18.9023,18.7373,,-0.41%,47
01.07.2025,18.735,18.7422,18.831,18.6599,,-0.06%,46
02.07.2025,18.8205,18.7357,18.8305,18.7147,,0.46%,45
03.07.2025,18.6395,18.814,18.848,18.623,,-0.96%,44
04.07.2025,18.6285,18.6365,18.6835,18.6,,-0.06%,43
07.07.2025,18.666,18.6001,18.7727,18.6001,,0.20%,42
08.07.2025,18.621,18.67,18.7445,18.5793,,-0.24%,41
09.07.2025,18.6332,18.626,18.6605,18.5502,,0.07%,40
10.07.2025,18.628,18.6333,18.7105,18.593,,-0.03%,39
11.07.2025,18.6405,18.628,18.753,18.5936,,0.07%,38
14.07.2025,18.744,18.645,18.7841,18.6443,,0.56%,37
15.07.2025,18.822,18.7391,18.889,18.6492,,0.42%,36
16.07.2025,18.7153,18.8345,18.853,18.675,,-0.57%,35
17.07.2025,18.782,18.709,18.85,18.6991,,0.36%,34
18.07.2025,18.7415,18.782,18.792,18.6882,,-0.22%,33
21.07.2025,18.6709,18.728,18.744,18.6232,,-0.38%,32
22.07.2025,18.6505,18.6709,18.7108,18.5836,,-0.11%,31
23.07.2025,18.5423,18.6465,18.6935,18.522,,-0.58%,30
24.07.2025,18.5515,18.5445,18.5965,18.5228,,0.05%,29
25.07.2025,18.5415,18.5565,18.5999,18.5202,,-0.05%,28
28.07.2025,18.7595,18.5415,18.7795,18.5102,,1.18%,27
29.07.2025,18.758,18.7645,18.8425,18.7247,,-0.01%,26
30.07.2025,18.8858,18.7425,18.8905,18.6975,,0.68%,25
31.07.2025,18.8779,18.8825,18.9096,18.7697,,-0.04%,24
01.08.2025,18.8584,18.89,18.986,18.7497,,-0.10%,23
04.08.2025,18.9001,18.867,18.958,18.7639,,0.22%,22
05.08.2025,18.7409,18.9,18.9525,18.7156,,-0.84%,21
06.08.2025,18.609,18.7409,18.7555,18.5796,,-0.70%,20
07.08.2025,18.618,18.604,18.7415,18.5803,,0.05%,19
08.08.2025,18.58,18.618,18.647,18.5227,,-0.20%,18
11.08.2025,18.6655,18.5755,18.699,18.5649,,0.46%,17
12.08.2025,18.6005,18.6655,18.698,18.5365,,-0.35%,16
13.08.2025,18.6294,18.615,18.6695,18.5091,,0.16%,15
14.08.2025,18.7975,18.637,18.8572,18.619,,0.90%,14
15.08.2025,18.7435,18.8065,18.8252,18.6755,,-0.29%,13
18.08.2025,18.783,18.7175,18.872,18.7097,,0.21%,12
19.08.2025,18.8275,18.788,18.8725,18.7539,,0.24%,11
20.08.2025,18.7695,18.8191,18.8512,18.722,,-0.31%,10
21.08.2025,18.7595,18.793,18.8192,18.7269,,-0.05%,9
22.08.2025,18.603,18.7541,18.7884,18.5677,,-0.83%,8
25.08.2025,18.674,18.5845,18.7036,18.5484,,0.38%,7
26.08.2025,18.661,18.674,18.7102,18.6155,,-0.07%,6
27.08.2025,18.662,18.6615,18.8021,18.6444,,0.01%,5
28.08.2025,18.6535,18.662,18.6933,18.6004,,-0.05%,4
29.08.2025,18.6555,18.6535,18.7225,18.6215,,0.01%,3
01.09.2025,18.6438,18.6505,18.6794,18.6004,,-0.06%,2
02.09.2025,18.7269,18.6425,18.8715,18.6346,,0.45%,1
